"title","description","due_date","status","created_by","assigned_to"
"Saepe pariatur ut porro et.","Qui nemo minus voluptatem blanditiis. Itaque quo aut deleniti ea dicta. Eveniet reiciendis omnis consequatur est quibusdam et. Pariatur nulla magni sed sit dicta et.","2024-06-13 22:00:55","POREVIEW","1","2"
"Dolores nihil accusamus rerum perspiciatis.","Sunt voluptatum perspiciatis ducimus odit eveniet eum sit. Dolores aut dolore quis expedita nesciunt. Harum id dolores fuga vitae accusamus. Qui debitis asperiores et quas. Nulla accusamus et quia vel quod.","2024-07-02 09:51:26","TODO","1","6"
"Et ea doloribus ipsum vero consequatur.","Architecto nemo sapiente beatae nihil. Qui unde distinctio consequuntur ut et. Iusto sint consequatur possimus mollitia aut quam suscipit. Ea quos excepturi voluptatem sint ratione expedita odit.","2024-07-01 05:49:08","TODO","1","4"
"Alias ea optio ipsa nihil illo quis veniam.","Fuga asperiores non nam voluptatum atque. Ut vel sunt eaque voluptate omnis eaque. Labore et voluptatem laborum voluptate sit. Non animi et sapiente. Optio fuga incidunt incidunt adipisci qui nisi perspiciatis.","2024-06-25 22:56:01","TODO","1","5"
"Et omnis qui eos eum nihil.","Fugit et rerum veniam et culpa. Illum ut animi numquam vero. Hic dolores debitis sed.","2024-07-02 17:18:26","TODO","1","6"
"Officiis illum ducimus est quo labore.","Cumque aut similique velit id accusamus vel repellendus. Esse vel sed aliquam. Omnis in quod ipsa ea cum impedit eligendi.","2024-06-15 18:05:48","TODO","1",""
"Cum quo dolores aspernatur aut non unde.","Fuga distinctio fuga ea non non. Est et laborum omnis perferendis aspernatur. Quo ut repudiandae est beatae. Quia omnis a voluptatem vitae a sit.","2024-07-05 06:11:03","TODO","1",""
"title1","hello every one","","DONE","1","2"
"title1","hello every one","","TODO","1","2"
ptatem laborum voluptate sit. Non animi et sapiente. Optio fuga incidunt incidunt adipisci qui nisi perspiciatis.","2024-06-25 22:56:01","TODO","1",""
"Et omnis qui eos eum nihil.","Fugit et rerum veniam et culpa. Illum ut animi numquam vero. Hic dolores debitis sed.","2024-07-02 17:18:26","TODO","1",""
"Officiis illum ducimus est quo labore.","Cumque aut similique velit id accusamus vel repellendus. Esse vel sed aliquam. Omnis in quod ipsa ea cum impedit eligendi.","2024-06-15 18:05:48","TODO","1",""
"Cum quo dolores aspernatur aut non unde.","Fuga distinctio fuga ea non non. Est et laborum omnis perferendis aspernatur. Quo ut repudiandae est beatae. Quia omnis a voluptatem vitae a sit.","2024-07-05 06:11:03","TODO","1",""
